oracle_joint,oracle_dec,oracle_delta,oracle_pct,est_joint,est_dec,est_delta,est_pct,pehe_joint,pehe_dec,beta,seed
84.69396112038365,75.53022663854945,9.163734481834197,10.819820398775425,13.107876330726317,12.434944471937753,0.672931858788564,5.133797739692867,14.31249157069334,11.04086422157271,0.2,0
84.83325584027357,75.20742498709905,9.62583085317452,11.346765791116523,13.016553633753036,12.404709766964773,0.6118438667882629,4.700505863562068,14.585332160000467,11.371262771217271,0.2,1
85.59953368303508,75.95854020623523,9.64099347679985,11.262904202842162,12.876515940040665,12.361814660269989,0.5147012797706765,3.9972091998128727,14.510341678238202,11.27248367918567,0.2,2
84.05192315533623,75.1040740346488,8.947849120687422,10.645620926663293,12.663008631182528,12.233896143831211,0.4291124873513166,3.3887087962226565,14.30750818864757,11.043297603728476,0.2,3
84.62090642921528,75.36883305043365,9.252073378781631,10.933555038814099,12.849671919312254,12.376431092083061,0.47324082722919236,3.6829020242761294,14.304011991871489,11.038196682386998,0.2,4
84.58621807603008,75.59069277753034,8.995525298499743,10.634741099802028,13.061198497020284,12.544968191959601,0.5162303050606827,3.9523961386732838,14.354317051879248,11.066659310863509,0.2,5
85.21526297106247,75.94770725946682,9.267555711595648,10.875464545292477,12.843939772776112,12.516511911034367,0.32742786174174476,2.5492790182320664,14.404587538494612,11.142330670225308,0.2,6
85.16442921930779,75.79648295011255,9.367946269195244,10.999834502585287,13.208067714364887,12.609619247481108,0.5984484668837791,4.53093124464312,14.502526037554729,11.269221510167094,0.2,7
84.5613780026496,75.32023933304954,9.241138669600062,10.92832081013451,12.867090561499978,12.38848215757847,0.47860840392150905,3.7196318906277703,14.21467166471088,10.907748219516963,0.2,8
84.40455266611134,75.54095278831306,8.86359987779828,10.501329131926125,12.880726842121119,12.357180099557738,0.5235467425633811,4.0645745304631165,14.295826357571338,11.00280841800704,0.2,9
84.31805895221486,75.25003575579092,9.068023196423937,10.754544529497544,12.925663024070436,12.5202419316859,0.40542109238453605,3.1365593519616946,14.252925105426131,10.972675310311104,0.2,10
84.26063209694107,74.98211165555858,9.278520441382483,11.011691000261703,12.942756984258628,12.409419782471579,0.5333372017870488,4.120738745506151,14.209183374426146,10.910040435828746,0.2,11
84.15914768336688,74.69351676414503,9.465630919221852,11.247298932772615,12.884823764070683,12.502498689033873,0.38232507503681035,2.9672511012756213,14.297951351634362,11.016573289870458,0.2,12
84.26305399864154,75.56003818530999,8.703015813331547,10.32838877816113,12.871727315208526,12.38175659306021,0.48997072214831583,3.806565429407391,14.193724038848197,10.8896386968299,0.2,13
85.20518259468372,75.37262450110089,9.832558093582833,11.539859189499964,13.132382109930942,12.413873227772939,0.7185088821580035,5.471276087943361,14.40624617126678,11.148535887450025,0.2,14
84.30139990127708,74.86733085788136,9.434069043395723,11.190880643077918,12.950494640938995,12.460909419892705,0.48958522104629054,3.7804364591497364,14.349331358087433,11.100720438446487,0.2,15
86.02548499941102,76.78665444340935,9.238830556001673,10.739643671947828,13.126822511671595,12.59976787554105,0.5270546361305453,4.015096842072173,14.516141964142564,11.278422408587849,0.2,16
84.78850751464007,75.0500406581575,9.738466856482574,11.485597685277188,13.01037150830412,12.390400079088206,0.619971429215914,4.765209270313344,14.415455028182231,11.167431474248676,0.2,17
84.96462293247212,75.68612407417154,9.27849885830058,10.920426099783802,13.041511079867817,12.416751214440374,0.6247598654274427,4.790548132048015,14.454040458794482,11.217012951440712,0.2,18
85.41682722273505,75.46620985802245,9.950617364712599,11.649481358942449,13.132305694422984,12.651605333590691,0.4807003608322926,3.66044144888004,14.4828770672711,11.234049633016697,0.2,19
78.31980957672323,69.87298237327741,8.446827203445821,10.7850456341715,24.69921176781186,23.736164300313014,0.9630474674988463,3.8991020302676005,14.31249157069334,11.04086422157271,0.4,0
78.3628846805452,69.5214619692535,8.841422711291713,11.282666210329968,24.56018943070845,23.586303585030585,0.9738858456778665,3.9653026635868835,14.585332160000467,11.371262771217271,0.4,1
78.98367708569693,69.8204697508794,9.163207334817528,11.601393696669112,24.501187857546537,23.660854093272246,0.8403337642742912,3.429767442950577,14.510341678238202,11.27248367918567,0.4,2
78.22826736186543,69.76082822480508,8.467439137060353,10.824014672205362,24.214748955498873,23.53249359498835,0.6822553605105242,2.817519858514132,14.30750818864757,11.043297603728476,0.4,3
78.45436346762344,69.77729690629245,8.677066561330989,11.060017796093447,24.298088426966373,23.473721030392188,0.8243673965741856,3.392725312742259,14.304011991871489,11.038196682386998,0.4,4
78.44415743603292,69.81536388073324,8.62879355529968,10.999918715853383,24.563694062384553,23.620689863617585,0.9430041987669675,3.8390162178865053,14.354317051879248,11.066659310863509,0.4,5
78.99164974762495,70.0658849655212,8.925764782103741,11.29963079720602,24.539620058645333,23.846649644836106,0.6929704138092276,2.82388403794823,14.404587538494612,11.142330670225308,0.4,6
78.82906546209797,69.91060588612625,8.918459575971724,11.313669042873322,24.770616435446335,23.828983144383916,0.9416332910624199,3.801412425550131,14.502526037554729,11.269221510167094,0.4,7
78.32427041407566,69.56325679263077,8.761013621444889,11.185566842982615,24.42685330421958,23.563631656430108,0.863221647789473,3.5339044167443254,14.21467166471088,10.907748219516963,0.4,8
78.25322562807025,69.830329868157,8.42289575991326,10.763640338542006,24.304223309181847,23.529159732069854,0.7750635771119931,3.1890078002171056,14.295826357571338,11.00280841800704,0.4,9
78.01793959925978,69.3549329460553,8.663006653204476,11.103864954268378,24.496503785644965,23.801824645935486,0.6946791397094785,2.8358297403916177,14.252925105426131,10.972675310311104,0.4,10
78.06088356658066,69.47468043721517,8.586203129365487,10.999367079981917,24.51957615992779,23.509057094583756,1.0105190653440346,4.121274604230396,14.209183374426146,10.910040435828746,0.4,11
78.0204967020367,69.29967047657789,8.720826225458808,11.177609210518078,24.369038738124736,23.50330371749294,0.8657350206317957,3.552602258690555,14.297951351634362,11.016573289870458,0.4,12
78.33262353896048,69.67697671338827,8.655646825572205,11.049862030048217,24.4015589302455,23.54527728028188,0.8562816499636199,3.5091268242795217,14.193724038848197,10.8896386968299,0.4,13
78.80521953417191,69.71189326966767,9.093326264504242,11.538989826125855,24.723319400641955,23.68121847514267,1.042100925499284,4.215052633556258,14.40624617126678,11.148535887450025,0.4,14
78.22870312045319,69.0569225869428,9.171780533510386,11.72431622621696,24.37818738903505,23.51847155579051,0.8597158332445396,3.526578164015702,14.349331358087433,11.100720438446487,0.4,15
79.41639722889218,70.65040044708986,8.765996781802315,11.038018706057835,24.894877503346166,24.015957782180568,0.8789197211655981,3.5305243861812974,14.516141964142564,11.278422408587849,0.4,16
78.52431801854243,69.51235378552174,9.011964233020691,11.476653933998689,24.515999657033586,23.51812461952982,0.9978750375037642,4.070301237818284,14.415455028182231,11.167431474248676,0.4,17
78.64932523284621,69.77630624597182,8.873018986874385,11.281748394668691,24.6574328767701,23.4381116908022,1.2193211859678996,4.945045139377136,14.454040458794482,11.217012951440712,0.4,18
78.84547577234208,69.82069384645438,9.024781925887709,11.446163318166544,24.643652659012115,23.746531319908915,0.8971213391032009,3.640374872655601,14.4828770672711,11.234049633016697,0.4,19
73.92249807657322,65.68801661596301,8.234481460610212,11.139344144025621,35.20001322847306,34.00619528155626,1.193817946916802,3.391526983720365,14.31249157069334,11.04086422157271,0.6,0
73.79801754356382,65.28767056068943,8.510346982874381,11.531945255644063,35.07832410739518,34.02245854675989,1.05586556063529,3.0100228203681296,14.585332160000467,11.371262771217271,0.6,1
74.33383671000946,65.60887154177946,8.72496516823,11.73754181728539,35.02863974295613,34.08803156945201,0.940608173504117,2.685254638508373,14.510341678238202,11.27248367918567,0.6,2
73.89494669965241,65.54942319499696,8.345523504655446,11.293767540798163,34.726655435086386,33.93192901599728,0.794726419089109,2.2885198966962714,14.30750818864757,11.043297603728476,0.6,3
74.08164061698328,65.53507893914444,8.546561677838838,11.536679812514212,34.82487137103331,33.857301332336284,0.9675700386970263,2.77838797561743,14.304011991871489,11.038196682386998,0.6,4
73.95447780043096,65.58441096537817,8.370066835052796,11.317863480342256,34.99258778650368,33.963310701623776,1.0292770848799009,2.941414596598894,14.354317051879248,11.066659310863509,0.6,5
74.46191016787174,65.9205023301823,8.541407837689434,11.470841694005879,35.145541448952514,34.17631051335459,0.9692309355979205,2.7577635615763367,14.404587538494612,11.142330670225308,0.6,6
74.2663255323417,65.62999078323438,8.63633474910732,11.628870402840041,35.30356337675586,34.23009550844286,1.0734678683130028,3.0406785197773614,14.502526037554729,11.269221510167094,0.6,7
73.92259650595338,65.50378772915941,8.418808776793966,11.38868109985281,34.94093359649014,33.930906267551386,1.0100273289387545,2.890670697591815,14.21467166471088,10.907748219516963,0.6,8
73.79825222176812,65.61043897459909,8.187813247169032,11.094860651393434,34.86356983184304,33.87015785844357,0.9934119733994677,2.849427004150687,14.295826357571338,11.00280841800704,0.6,9
73.64549807399106,65.22689765667569,8.418600417315375,11.43124921072198,34.982207352336815,34.11801980616196,0.864187546174854,2.470363111941037,14.252925105426131,10.972675310311104,0.6,10
73.66208056607495,65.3708762132211,8.291204352853853,11.255729255999816,34.9447645350367,33.79780880137467,1.1469557336620255,3.2821961999831255,14.209183374426146,10.910040435828746,0.6,11
73.60296434555227,65.29591320332476,8.307051142227508,11.286299697424472,34.833426128030176,33.88005251589944,0.9533736121307328,2.7369504470407544,14.297951351634362,11.016573289870458,0.6,12
74.04362037105948,65.65057166269435,8.393048708365129,11.335275971521263,34.95432759334671,33.986780285326994,0.9675473080197179,2.7680329579673653,14.193724038848197,10.8896386968299,0.6,13
74.23741038512165,65.64344262544977,8.593967759671884,11.576330202102863,35.490864983759735,34.166495493044934,1.3243694907148011,3.731578509909013,14.40624617126678,11.148535887450025,0.6,14
73.82033493278236,64.97579995713153,8.84453497565083,11.981163433766978,34.90181584312746,33.84818226672671,1.053633576400749,3.0188503117903553,14.349331358087433,11.100720438446487,0.6,15
74.70782693859685,66.35406106500571,8.353765873591144,11.181915223497521,35.47799968493165,34.475771240105246,1.0022284448264074,2.824929403367906,14.516141964142564,11.278422408587849,0.6,16
74.00253984274113,65.1975786015573,8.804961241183832,11.898187899894772,35.06666698542156,33.906947817800415,1.159719167621148,3.307183908020924,14.415455028182231,11.167431474248676,0.6,17
74.23809426134603,65.71693665431589,8.521157607030148,11.47814702386145,35.3484634815967,33.84796207129123,1.5005014103054748,4.244884395291109,14.454040458794482,11.217012951440712,0.6,18
74.24071746149346,65.40594617860232,8.83477128289114,11.900169590189485,35.09513373413413,34.10607998776383,0.9890537463703026,2.818207657685407,14.4828770672711,11.234049633016697,0.6,19
70.01390551401153,61.83346814212472,8.180437371886804,11.684018070167067,44.87531353100206,43.50787000918936,1.367443521812696,3.0472066136496165,14.31249157069334,11.04086422157271,0.8,0
69.81964608681696,61.59728473110233,8.222361355714632,11.776572664792042,44.53450997551008,43.389750497798,1.1447594777120855,2.570499772741631,14.585332160000467,11.371262771217271,0.8,1
70.24718313585646,62.00936290222677,8.23782023362969,11.726904718297291,44.625657664798204,43.62641134723736,0.9992463175608464,2.2391744342830737,14.510341678238202,11.27248367918567,0.8,2
69.92824670098247,61.84342010490011,8.084826596082358,11.561603468557676,44.090377252900474,43.185090447277815,0.9052868056226586,2.053252573526357,14.30750818864757,11.043297603728476,0.8,3
70.14188533291546,61.86625770953277,8.275627623382697,11.798410584637073,44.606692380723544,43.51954474039064,1.0871476403329012,2.4371850552243686,14.304011991871489,11.038196682386998,0.8,4
69.93601363078568,61.713091185947825,8.222922444837856,11.757779744566601,44.592884228027586,43.467335629388195,1.1255485986393907,2.5240542703715927,14.354317051879248,11.066659310863509,0.8,5
70.49490961661704,62.221419104996656,8.27349051162038,11.736294941883514,44.645674860341835,43.65171949812851,0.9939553622133275,2.2263194930361436,14.404587538494612,11.142330670225308,0.8,6
70.2730167032482,61.996596473653454,8.276420229594748,11.777522323461305,44.906126509457195,43.75576126606664,1.150365243390553,2.5617111356693987,14.502526037554729,11.269221510167094,0.8,7
69.98594604330297,61.81228307094032,8.173662972362656,11.6790061926223,44.68867755549097,43.37269771196951,1.3159798435214611,2.944772402108741,14.21467166471088,10.907748219516963,0.8,8
69.88649589889248,61.77297139921548,8.113524499676998,11.609574060509702,44.449400094072175,43.385235867850625,1.0641642262215498,2.3941025614954654,14.295826357571338,11.00280841800704,0.8,9
69.77262989586512,61.60562086878759,8.167009027077533,11.705175853721874,44.44372842102564,43.43940069699782,1.0043277240278172,2.259773785208995,14.252925105426131,10.972675310311104,0.8,10
69.69483309358655,61.76706176758275,7.9277713260038,11.374977131171763,44.48513729648277,43.269151840972846,1.215985455509923,2.7334645443615733,14.209183374426146,10.910040435828746,0.8,11
69.67156896296599,61.563810344858574,8.107758618107418,11.637112151754623,44.35328197574757,43.41176441918516,0.9415175565624097,2.122768630914918,14.297951351634362,11.016573289870458,0.8,12
70.20915616348292,62.164056697440586,8.04509946604233,11.458761087099829,44.69347623666064,43.71091465489557,0.9825615817650757,2.198445197151864,14.193724038848197,10.8896386968299,0.8,13
70.2501614159702,61.8260822073101,8.424079208660096,11.991544273868419,45.07527516150354,43.71111697300154,1.364158188502003,3.026400135360815,14.40624617126678,11.148535887450025,0.8,14
69.86993932560979,61.39379549730997,8.476143828299818,12.131317001434711,44.45793775129967,43.274461057859206,1.1834766934404612,2.6620143742629265,14.349331358087433,11.100720438446487,0.8,15
70.54760640437158,62.485571032248416,8.062035372123162,11.427794340622146,45.33744620854421,43.92482494310615,1.4126212654380552,3.115793639854014,14.516141964142564,11.278422408587849,0.8,16
69.99857213434434,61.57740717232162,8.421164962022722,12.0304810587571,44.789485188714615,43.331371551801844,1.4581136369127705,3.255482019427551,14.415455028182231,11.167431474248676,0.8,17
70.30643486726866,62.011304126954016,8.295130740314647,11.798537012970439,44.9878990313573,43.24272397624224,1.7451750551150624,3.879209949099083,14.454040458794482,11.217012951440712,0.8,18
70.2699685804127,61.6157862535628,8.654182326849892,12.315620031829914,44.51947726368834,43.538271632163784,0.9812056315245528,2.2039918072552456,14.4828770672711,11.234049633016697,0.8,19
65.45220082278598,57.593326466563774,7.858874356222209,12.007043701250588,53.70673919714427,52.44614079207234,1.2605984050719314,2.3471884979733804,14.31249157069334,11.04086422157271,1.0,0
65.14814080261684,57.13752309683986,8.01061770577698,12.296003549889813,53.38311220933464,52.18470895542572,1.1984032539089213,2.244910804768267,14.585332160000467,11.371262771217271,1.0,1
65.56701050909531,57.60077884403861,7.9662316650567035,12.14975580433341,53.490994603956636,52.31385376368198,1.177140840274653,2.2006336748645574,14.510341678238202,11.27248367918567,1.0,2
65.37976384685116,57.531541965104665,7.848221881746497,12.004053578612742,53.06350553797571,52.154280040420815,0.9092254975548926,1.7134667005823643,14.30750818864757,11.043297603728476,1.0,3
65.68624858947612,57.56598361766367,8.120264971812453,12.362199312922,53.62758627678532,52.587115907065176,1.040470369720147,1.9401775130247711,14.304011991871489,11.038196682386998,1.0,4
65.40151762714177,57.50564865209278,7.895868975048991,12.072913995763592,53.324601154785256,52.24972975612376,1.074871398661493,2.0157139019970636,14.354317051879248,11.066659310863509,1.0,5
65.99592127295278,57.876671907563264,8.119249365389521,12.30265326823621,53.62317534951023,52.858572830901295,0.7646025186089318,1.4258807197174224,14.404587538494612,11.142330670225308,1.0,6
65.7090057601927,57.731911158737496,7.9770946014551996,12.140032418947083,53.992008614412875,52.7671196284937,1.224888985919172,2.268648671077954,14.502526037554729,11.269221510167094,1.0,7
65.45347441660024,57.65725094783972,7.796223468760523,11.911091868307686,53.46870273484156,52.11883960200988,1.349863132831679,2.524585530952248,14.21467166471088,10.907748219516963,1.0,8
65.4203128251947,57.63684050573965,7.783472319455051,11.897638490743317,53.517876012615005,52.35221249385529,1.1656635187597146,2.1780825503705517,14.295826357571338,11.00280841800704,1.0,9
65.37873874580305,57.44837515050402,7.930363595299028,12.129881590608251,53.55004149486636,52.479929505684076,1.070111989182287,1.9983401680181228,14.252925105426131,10.972675310311104,1.0,10
65.22452926772756,57.660723685779004,7.563805581948557,11.59656599574886,53.28484191390229,52.17953581941107,1.105306094491219,2.0743349417779524,14.209183374426146,10.910040435828746,1.0,11
65.19567089601048,57.397545739902824,7.798125156107659,11.961108841944364,53.19909460957335,52.31373404927056,0.885360560302793,1.6642399025780967,14.297951351634362,11.016573289870458,1.0,12
65.7404732720482,57.89178879719442,7.848684474853783,11.938892563754813,53.802105731850055,52.79926579659064,1.0028399352594164,1.863941794876162,14.193724038848197,10.8896386968299,1.0,13
65.76123847510146,57.53835859029301,8.222879884808457,12.504143893095634,54.05351902024593,52.69516677815594,1.3583522420899925,2.512976521623351,14.40624617126678,11.148535887450025,1.0,14
65.37061424006212,57.22841731832323,8.142196921738893,12.455438909963584,53.3967881007151,52.34204408081603,1.0547440198990685,1.9752948771181673,14.349331358087433,11.100720438446487,1.0,15
65.88270912378643,57.971692346792516,7.911016776993911,12.007728404322252,54.120537781867405,52.91339245255627,1.2071453293111318,2.2304754882084246,14.516141964142564,11.278422408587849,1.0,16
65.44872021990676,57.307519379386704,8.141200840520057,12.43905276247685,53.62972009597223,52.27773336761324,1.3519867283589946,2.5209654757465967,14.415455028182231,11.167431474248676,1.0,17
65.74286176626954,57.82523578973912,7.917625976530424,12.043324193399643,54.09534807606877,52.176322587172066,1.9190254888967004,3.5474870892746098,14.454040458794482,11.217012951440712,1.0,18
65.72675600625301,57.34805706438907,8.378698941863945,12.747774956467994,53.37733890692785,52.518632397603255,0.8587065093245911,1.6087473203223692,14.4828770672711,11.234049633016697,1.0,19
