seed,exploration,min_logged_propensity,pct_logged_prop_lt_0p01,true_joint_irc,true_decoupled_irc,true_joint_advantage,dm_joint_ope,dr_joint_ope,dm_decoupled_ope,dr_decoupled_ope,abs_error_dm_joint,abs_error_dr_joint
0,0.5,0.016666666669571582,0.0,28.046788183767802,27.321239186748446,0.7255489970193558,31.88516209125519,24.83559424189887,29.104208070755003,24.887745435049176,3.8383739074873873,3.211193941868931
0,0.25,0.008333333337690707,7.225,27.997922184433268,27.221996157895948,0.77592602653732,31.65643501186371,26.45699319755855,28.460776766777037,29.156011207821937,3.6585128274304424,1.540928986874718
0,0.1,0.003333333338562183,8.3,27.750309040100074,26.18463571886693,1.5656733212331453,32.13346010828018,26.84113294287469,28.56274685716629,23.210513580086268,4.3831510681801085,0.9091760972253837
1,0.5,0.01666666740729336,0.0,28.517929711681937,27.615271576055015,0.9026581356269219,31.256146513462067,31.33339010882144,28.880332476139067,28.973650998579817,2.73821680178013,2.8154603971395034
1,0.25,0.00833333444427337,7.425,28.42873848684426,26.54755895341672,1.8811795334275416,31.596477261543274,27.733224981176345,28.69918644428253,26.834144585075023,3.167738774699014,0.6955135056679147
1,0.1,0.003333334666461377,7.6,28.168873746765705,27.199956524918974,0.9689172218467306,32.38212741851807,29.509149313530127,28.827678667068483,29.24512168415788,4.213253671752362,1.3402755667644222
2,0.5,0.016666666687685745,0.0,28.363187508570203,27.61419324784867,0.7489942607215312,31.68111030626297,27.308723644840974,29.205202874660493,28.19947922840129,3.3179227976927663,1.0544638637292287
2,0.25,0.00833333336486195,6.625,28.618368242811666,27.361212865950005,1.257155376861661,31.772919189453123,27.072260582575556,28.4831751203537,26.84642731982859,3.154550946641457,1.5461076602361103
2,0.1,0.003333333371167674,7.85,28.527964781024952,27.2381713115897,1.2897934694352529,32.79998286342621,28.8261427752664,29.64292640686035,26.395493252391642,4.272018082401257,0.2981779942414491
3,0.5,0.016666667297961246,0.0,28.389535934082822,27.17402168494618,1.2155142491366426,31.47367916727066,28.579861644716257,29.062345487117767,26.46397935986978,3.084143233187838,0.1903257106334344
3,0.25,0.008333334280275204,6.9,28.273390634201803,27.56568466662612,0.7077059675756843,32.147385766983035,28.20966497034585,28.35204587173462,26.741243027773976,3.873995132781232,0.06372566385595135
3,0.1,0.0033333344696635774,7.5,28.249369147890473,26.770897603816675,1.4784715440737983,32.0599839220047,27.955884928767503,28.529370530128478,26.181005187073165,3.8106147741142244,0.29348421912296985
4,0.5,0.016666666683423356,0.0,28.779318697150934,27.276623840056658,1.5026948570942764,32.331775918483736,29.602783597766123,29.360302478313447,29.181633931604278,3.5524572213328014,0.8234649006151891
4,0.25,0.00833333335846837,6.950000000000001,28.384077478502498,27.07700147372222,1.3070760047802779,31.773800590515137,26.312489835088503,28.614476770401,25.26700623454037,3.389723112012639,2.071587643413995
4,0.1,0.0033333333634953783,7.95,28.266538065160805,27.236112500869677,1.0304255642911286,32.42084913110733,28.239200019706537,29.392558598041536,28.586419584218646,4.154311065946526,0.02733804545426821
5,0.5,0.016666666683423356,0.0,28.413653342535873,27.30792311039925,1.1057302321366222,31.379642567634583,29.173841202661503,28.561522258758544,28.680072319442043,2.96598922509871,0.7601878601256296
5,0.25,0.00833333335846837,8.4,28.206533484705847,27.558446512445673,0.6480869722601739,31.8656358165741,29.089787578118674,28.43018290233612,26.90652830823877,3.659102331868251,0.8832540934128268
5,0.1,0.0033333333634953783,7.3999999999999995,28.150102271440957,27.159703652577225,0.9903986188637326,31.871543623924257,25.967295228604716,28.533592677116395,25.132497212930918,3.7214413524833,2.1828070428362416
6,0.5,0.016666666669571582,0.0,28.955352173811445,27.798667278303007,1.1566848955084374,31.184953218460084,29.72745656291728,28.19715901851654,28.86157020288349,2.229601044648639,0.7721043891058343
6,0.25,0.008333333337690707,7.3999999999999995,28.78748652934398,27.734252637063342,1.0532338922806375,31.96083524465561,26.979250986446708,29.009372730731965,26.5040846848654,3.1733487153116293,1.8082355428972718
6,0.1,0.003333333338562183,7.249999999999999,28.265833010577797,27.52306711612252,0.7427658944552782,32.7345082116127,29.16153591472628,27.857780682086943,27.102978175367767,4.468675201034902,0.8957029041484823
7,0.5,0.01666666740729336,0.0,28.177967856835856,27.661540982668598,0.5164268741672586,31.510035428524017,28.4743277976944,28.485226541042326,27.475933003577794,3.3320675716881603,0.2963599408585438
7,0.25,0.00833333444427337,7.75,28.726087262717364,27.56308925053687,1.1629980121804948,33.543352269172665,29.5606963376495,29.822730871200562,28.342161147732273,4.817265006455301,0.8346090749321355
7,0.1,0.003333334666461377,7.625,28.373497028442074,27.65797219662118,0.7155248318208933,33.44946257925034,26.61655660356499,30.136136958599092,23.775453823034326,5.075965550808263,1.756940424877083
8,0.5,0.016666666838978845,0.0,28.483071444475485,27.787572668915345,0.6954987755601394,32.12444100093842,27.45696289396379,29.045528142929076,29.80040946569603,3.6413695564629336,1.0261085505116938
8,0.25,0.0083333335918016,7.2749999999999995,28.626836128208314,27.362621652301787,1.2642144759065275,32.696478322029115,28.595070887877295,28.828693758010864,26.00193651360874,4.069642193820801,0.03176524033101913
8,0.1,0.003333333643495254,7.3,28.531847618515545,27.05571324151336,1.476134377002186,32.85063497686386,30.66938916497634,29.01870585680008,27.48582088817946,4.318787358348313,2.1375415464607954
9,0.5,0.016666666669571582,0.0,28.35428269000565,27.48601921256328,0.868263477442369,31.17312106847763,27.152205810557433,28.349683110713958,27.178204174143346,2.8188383784719804,1.2020768794482173
9,0.25,0.008333333337690707,8.425,28.105228457197324,27.508828076291802,0.5964003809055214,32.07949604511261,28.964782951235723,29.47340096950531,27.682775161581358,3.974267587915289,0.8595544940383988
9,0.1,0.003333333338562183,7.249999999999999,28.187279225063442,26.94632165150188,1.2409575735615626,32.38351084041595,26.47626197857649,28.201972240447997,27.023745915879694,4.196231615352509,1.7110172464869535
10,0.5,0.016666666683423356,0.0,27.644936698806074,26.488990215646513,1.1559464831595605,31.011749108314515,26.460893288276853,27.448473979949952,26.87052888997493,3.366812409508441,1.1840434105292204
10,0.25,0.00833333335846837,7.1499999999999995,27.92878099029299,26.75820958760432,1.1705714026886689,32.24018615484238,30.035794289168663,28.88820053625107,27.85166689297599,4.311405164549388,2.1070132988756747
10,0.1,0.0033333333634953783,7.475,28.09064391551106,26.907307200005604,1.1833367155054546,32.54177301311493,27.470136183123444,29.114087425231933,25.799249473777024,4.451129097603868,0.6205077323876154
11,0.5,0.016666666687685745,0.0,28.06758386949938,27.229660568720828,0.8379233007785523,30.954456833839416,28.752595522765667,28.41648093032837,26.63915117224175,2.8868729643400357,0.6850116532662867
11,0.25,0.00833333336486195,7.35,27.93249237876887,27.02584459783447,0.9066477809343993,32.02401229763031,27.708417634402714,29.46851679611206,30.035081583606264,4.091519918861437,0.22407474436615615
11,0.1,0.003333333371167674,6.875000000000001,27.909949207695607,26.814947127663704,1.0950020800319038,32.031173075675966,31.56943686052217,28.57562591934204,29.833457084794837,4.121223867980358,3.659487652826563
12,0.5,0.016666666669571582,0.0,28.23542270434279,26.70738132954473,1.5280413747980575,31.18943097782135,29.354863926533334,27.662981790542602,26.698903309880702,2.9540082734785607,1.1194412221905452
12,0.25,0.008333333337690707,8.05,28.067669630632214,27.348714855664113,0.7189547749681005,32.5080862493515,30.95972716383756,29.521438153266907,30.87624178268495,4.440416618719286,2.892057533205346
12,0.1,0.003333333338562183,7.249999999999999,28.414300666181397,27.056380356619556,1.357920309561841,34.10499926996231,27.09396074227386,29.894981361865998,27.8069445643151,5.690698603780916,1.320339923907536
13,0.5,0.016666666683423356,0.0,28.37940741126726,27.641920573963187,0.7374868373040719,31.542633095741273,27.54543521192033,29.053606905937194,28.577501590622735,3.163225684474014,0.8339721993469276
13,0.25,0.00833333335846837,7.75,28.51941372630143,27.413255681815013,1.106158044486417,32.91647345209122,29.37941519119162,28.978306263446807,26.88500891720824,4.397059725789788,0.860001464890189
13,0.1,0.0033333333634953783,8.175,28.077550757433464,27.394512496921383,0.683038260512081,32.299408905506134,28.338779983555927,28.772791880130768,25.10517537452883,4.22185814807267,0.26122922612246313
14,0.5,0.016666666683423356,0.0,28.41651455863485,27.979332490245604,0.437182068389248,31.887185138702392,29.174442722060363,29.075542485237122,28.553892083685955,3.470670580067541,0.7579281634255111
14,0.25,0.00833333335846837,6.950000000000001,28.844097878635818,27.357303781749533,1.4867940968862854,33.3976418671608,27.989930939351087,30.16068872308731,27.320783255892078,4.553543988524982,0.8541669392847311
14,0.1,0.0033333333634953783,7.55,28.41396452327093,27.29570890066123,1.118255622609702,31.495038452625273,32.04623320089861,28.81279879808426,31.2212707509001,3.0810739293543428,3.632268677627682
15,0.5,0.016666666669571582,0.0,27.750151330435585,27.206919550427816,0.5432317800077691,31.72079478740692,29.396910833014495,28.71524678993225,27.28099824173649,3.9706434569713345,1.6467595025789095
15,0.25,0.008333333337690707,7.225,27.769687660712695,26.768479242340984,1.0012084183717107,32.54749839973449,28.032474533279768,29.262972888946532,28.678922502520617,4.777810739021799,0.262786872567073
15,0.1,0.003333333338562183,7.85,27.912459126699538,27.410541174175624,0.5019179525239146,33.20332881641388,26.87402016892498,29.827261509895326,28.318847022293387,5.2908696897143415,1.0384389577745594
16,0.5,0.016666666683423356,0.0,28.425031712564515,27.47929360321984,0.9457381093446742,31.937141266822813,29.1911755341205,29.144731412887573,28.21347275131494,3.5121095542582985,0.7661438215559855
16,0.25,0.00833333335846837,7.199999999999999,28.273001795333133,27.009027573778628,1.2639742215545056,31.691244423389435,31.396408398261904,28.199573981761933,26.3340034750549,3.4182426280563014,3.123406602928771
16,0.1,0.0033333333634953783,7.8,27.852574933290132,26.8648587092542,0.9877162240359318,31.440186125278473,29.9438087749275,27.571478263378143,30.383259772732213,3.5876111919883407,2.0912338416373686
17,0.5,0.016666667125799974,0.0,28.39458492333669,27.441424831486763,0.9531600918499272,31.370258972167967,26.1523618658885,28.42361745262146,27.159676150933286,2.9756740488312765,2.2422230574481894
17,0.25,0.008333334022033297,7.775,28.02500136067242,27.392507856129313,0.6324935045431062,32.63805019712448,27.701395527544555,29.47161046075821,27.67399520656087,4.613048836452059,0.3236058331278642
17,0.1,0.00333333415977329,7.875,28.17751988632524,27.42831326368586,0.7492066226393774,33.039527764797214,26.86810816376409,29.521425858974457,31.08520701128415,4.8620078784719745,1.3094117225611477
18,0.5,0.016666667088472947,0.0,28.616430124175036,27.61658797737735,0.9998421467976861,31.91974436426163,27.919253989245142,28.717227206707,28.44301637743054,3.3033142400865927,0.6971761349298937
18,0.25,0.008333333966042756,7.199999999999999,28.1645463010418,26.691498877813835,1.473047423227964,31.56447292470932,29.649630878458645,27.817488880634308,29.424885647522274,3.399926623667522,1.4850845774168455
18,0.1,0.0033333340925846403,7.8,28.549574293920116,26.92384098291855,1.625733311001568,33.36874544239044,30.31350897312217,29.739742339134217,27.368682673033657,4.819171148470325,1.7639346792020518
19,0.5,0.016666666669571582,0.0,28.242339470631073,27.510438817370844,0.7319006532602295,33.17470325136185,29.85955229202779,30.11284082174301,28.153073705087245,4.932363780730775,1.6172128213967163
19,0.25,0.008333333337690707,7.7,28.448169225772443,27.42416632830685,1.0240028974655928,31.471055292129517,28.430075467364407,28.37350951385498,27.750478401639615,3.0228860663570742,0.0180937584080354
19,0.1,0.003333333338562183,7.875,27.916759138100396,26.904445032350385,1.0123141057500114,33.14152303981781,26.765343896169483,28.87926346874237,24.9860827401101,5.224763901717417,1.1514152419309127
