oracle_joint,oracle_dec,oracle_delta,oracle_pct,est_joint,est_dec,est_delta,est_pct,pehe_joint,pehe_dec,lambda,seed
72.64338317688534,66.03400378786495,6.60937938902039,9.098391484502683,28.1095000800458,27.96938927505612,0.14011080498968198,0.4984464490321654,14.05905384792029,10.838096306852215,0.0,0
72.46723122674325,65.51898519101354,6.94824603572971,9.588121304081968,27.8962134559947,28.10615482333031,-0.20994136733560964,-0.7525801581163867,14.290697228957097,11.117505283992807,0.0,1
73.06729193291659,66.01170366323485,7.055588269681735,9.65628817359141,28.18360376726845,28.238748473016553,-0.05514470574810204,-0.19566236526552847,14.189650828817376,10.980467430697944,0.0,2
72.72805826788536,65.86378282125341,6.86427544663195,9.43827679456007,27.817521494081237,28.04211711086212,-0.22459561678088136,-0.8073890293521254,14.073974693489449,10.846925854427294,0.0,3
72.76378512560527,65.82699413202837,6.936790993576892,9.533301465286012,27.929024030281987,28.04048540925442,-0.11146137897243236,-0.39908798406840346,14.055321262866725,10.828402832143277,0.0,4
72.78187007781898,65.82418810735335,6.957681970465629,9.55963616079996,28.054573453124387,28.09104184818178,-0.036468395057394076,-0.12999090903423682,14.095842055144848,10.860826092461709,0.0,5
73.39135278641797,66.20433079809303,7.187021988324943,9.792736767287108,28.254074450614894,28.3609491677662,-0.1068747171513067,-0.37826302658794325,14.136597930382713,10.905801659827873,0.0,6
72.89072114133437,65.66356432423493,7.227156817099441,9.915057367982486,28.15644677487095,28.059244595034954,0.0972021798359961,0.34522175547642986,14.195170787061922,10.994732501114795,0.0,7
72.80492143778008,65.87548131850892,6.929440119271163,9.517818277151967,28.072685383752056,28.089780961785486,-0.017095578033430314,-0.06089755148014773,13.98493506971539,10.738991947798917,0.0,8
72.6964801521994,65.85775244803075,6.838727704168647,9.407233596249633,27.96103569166544,27.946425410922327,0.014610280743113435,0.05225228744823795,14.06115291020997,10.822970512466643,0.0,9
72.35541433434203,65.31369408432145,7.041720250020575,9.732126219997838,27.890930252699928,27.994869181663788,-0.10393892896385992,-0.3726621092310046,13.987731513088127,10.738376155675434,0.0,10
72.43523003166294,65.61409973975294,6.821130291909995,9.4168684063381,27.735333157198525,27.91132622061323,-0.17599306341470466,-0.6345446164904884,13.94332224009379,10.690029692671098,0.0,11
72.24808292736404,65.20829350348174,7.039789423882297,9.743911725602299,27.83823743953291,28.031412361485994,-0.1931749219530836,-0.6939193703361302,14.031444353737205,10.783759619016463,0.0,12
72.89528803312062,65.88729072659595,7.007997306524672,9.613786426552737,28.014824953142337,28.127591426565655,-0.11276647342331714,-0.402524283524636,13.98765093502084,10.729974777929103,0.0,13
72.98748502525795,65.97805757777628,7.00942744748167,9.603601829897272,28.140187863292347,28.29548374697125,-0.15529588367890312,-0.5518651276720148,14.114429795062346,10.888840328076684,0.0,14
72.58746952856717,65.2194120417354,7.368057486831773,10.150591465283188,27.78636933008413,27.820027441618425,-0.033658111534293766,-0.12113173597621599,14.097994436059048,10.894846013127552,0.0,15
73.4879236646691,66.54158335414357,6.946340310525528,9.45235620239075,28.232636243079718,28.210651596511596,0.02198464656812149,0.07786962003419107,14.277878154429214,11.098939715067985,0.0,16
72.67452837711134,65.59084906322867,7.083679313882669,9.747128013167343,27.873043555566518,28.002307787108833,-0.12926423154231514,-0.463760734577189,14.13138453568216,10.925974858383835,0.0,17
72.9369551246379,65.81187473362158,7.125080391016326,9.768820728587684,28.04974411223291,28.261829486621444,-0.2120853743885327,-0.756104489010433,14.170858662557581,10.969054807825215,0.0,18
72.95154862126992,65.87126635310983,7.08028226816009,9.70545848850664,27.990333439760033,28.118809731474773,-0.1284762917147404,-0.45900236233785235,14.201084682217916,10.98420209628967,0.0,19
73.3716954952525,66.51531810986359,6.85637738538891,9.3447171134713,28.391422443630336,28.35454642606696,0.036876017563375996,0.12988436080154622,14.09255260390804,10.866054230420383,0.25,0
73.23623078809638,66.0726378963066,7.163592891789776,9.781487679939595,28.32817405369616,28.350895563440186,-0.022721509744027202,-0.08020816908621958,14.343537824361292,11.166803661014507,0.25,1
73.84294157004673,66.46685896934673,7.376082600700002,9.988879700442483,28.548299463979173,28.590019650788925,-0.041720186809751425,-0.1461389560607345,14.243698036866917,11.037374369044477,0.25,2
73.42811498145419,66.39105795358277,7.037057027871413,9.583600273068114,28.158582290145468,28.348606585300136,-0.190024295154668,-0.6748361589964349,14.099862407049772,10.874946733219641,0.25,3
73.5103916121838,66.39375949267405,7.116632119509745,9.681123938306182,28.279791012270486,28.351780269168813,-0.07198925689832691,-0.2545607811142985,14.089238096627097,10.863158918763347,0.25,4
73.512415529801,66.28647039612703,7.225945133673974,9.829557472158791,28.360076323518733,28.316568104710495,0.0435082188082383,0.1534136167756268,14.124876823150478,10.888325086734257,0.25,5
74.10255936084444,66.65390780947538,7.448651551369053,10.051814155429694,28.664809498539068,28.58119305917159,0.08361643936747853,0.29170415164189434,14.178597989164532,10.950904160018524,0.25,6
73.67187359347285,66.20716630310717,7.464707290365681,10.132370640600941,28.41544151135708,28.50666845150588,-0.0912269401488004,-0.321047062078338,14.24247174008667,11.046793264336873,0.25,7
73.47286107916078,66.3456790333343,7.127182045826473,9.700428077991326,28.51142906076453,28.293664844103187,0.21776421666134382,0.7637786804626218,14.016717045738991,10.759365187335588,0.25,8
73.39386587636608,66.33024355234639,7.06362232401969,9.62426796800505,28.21967836356138,28.230485546317546,-0.010807182756167322,-0.03829661917806293,14.093865258993588,10.841078469620236,0.25,9
73.06201199442917,65.87169379104668,7.190318203382489,9.841390904935299,28.363633902333152,28.248250502621207,0.11538339971194489,0.40680048300317967,14.020387983040706,10.777895620751277,0.25,10
73.17699686579371,66.06144703375871,7.115549832035001,9.723752185519292,28.22260027719591,28.189536216670646,0.03306406052526256,0.11715455061020225,13.986170766563896,10.725170551957573,0.25,11
72.98130342316549,65.76665945466507,7.214643968500411,9.885605806007518,28.169091540514124,28.36215880393754,-0.19306726342341562,-0.6853869005528174,14.071702325925429,10.824818510291042,0.25,12
73.57689606085964,66.33763569131582,7.239260369543814,9.839040183967274,28.34853906630869,28.39619181821724,-0.04765275190855078,-0.16809597064980508,14.006902173998489,10.746718227045633,0.25,13
73.67876938729677,66.47384938224972,7.204920005047043,9.778827829186396,28.547881467706347,28.55538602836633,-0.007504560659981507,-0.026287627221903462,14.159200053704005,10.938682121900262,0.25,14
73.31745314218296,65.73121127384806,7.586241868334895,10.34711592289364,28.197634971927002,28.09045287385937,0.10718209806763213,0.38011024036001767,14.131204482608336,10.929707116584282,0.25,15
74.2528613337996,67.07277519460054,7.180086139199062,9.669777043232564,28.58846724113506,28.56806971437114,0.020397526763918705,0.07134879457465049,14.307183663790264,11.116575622032633,0.25,16
73.42023904856957,66.06321688649413,7.357022162075438,10.02042796020939,28.32660608359083,28.22573694682453,0.10086913676629905,0.35609326605749286,14.176533831242507,10.971520722910352,0.25,17
73.68766361951246,66.31327255470612,7.374391064806346,10.007633167587105,28.532786103643208,28.252455243979828,0.2803308596633798,0.982486808841937,14.216271559707538,11.013698111699645,0.25,18
73.70538781623614,66.36918942362107,7.336198392615074,9.95340857700368,28.31600990889236,28.402058536049218,-0.08604862715685613,-0.3038868379892515,14.24630980892922,11.032578486027434,0.25,19
74.48584583929328,67.11344027643298,7.372405562860294,9.89772684969787,29.16455784905141,28.635962785825804,0.5285950632256053,1.8124569759002815,14.175579970867489,10.933490041541889,0.5,0
74.37134251044628,66.61559550222854,7.755747008217739,10.428407967932483,28.734936237104897,28.60566733694118,0.12926890016371573,0.449866667867504,14.438835780143997,11.249653342132813,0.5,1
74.9910287294395,67.05846294726673,7.932565782172773,10.578019686585066,28.990280001408482,28.857106523185188,0.13317347822329495,0.459372859512998,14.352754816160694,11.136157641357022,0.5,2
74.49092971029721,66.99172336350557,7.499206346791638,10.0672744667798,28.76944702628595,28.635050380488682,0.13439664579726696,0.4671506048568538,14.180076768357731,10.938814117080229,0.5,3
74.66097317063964,67.02189568310125,7.639077487538387,10.231687537850695,28.922827822397828,28.59660234636793,0.32622547602989727,1.127916945165605,14.173805954951035,10.93310061631036,0.5,4
74.59187747414873,66.84441908154733,7.747458392601402,10.386463854977286,28.829609939218862,28.632810358833545,0.19679958038531709,0.6826300487596862,14.215916758965436,10.960224810034497,0.5,5
75.15923813078453,67.21559864530852,7.943639485476012,10.569079308192682,29.099689022637282,28.891830488315566,0.20785853432171564,0.7142981293030931,14.268507286766466,11.028812673099084,0.5,6
74.81666080182707,66.86096764633392,7.955693155493151,10.63358491307977,29.022386858092084,28.901121037555743,0.12126582053634039,0.41783544933530786,14.345415092155056,11.137516896214361,0.5,7
74.531329443264,66.90449043823956,7.626839005024436,10.233064487103062,28.885189426513403,28.524551494092382,0.36063793242102093,1.2485219573806752,14.095261735989931,10.815346836394076,0.5,8
74.44651001104893,66.88606248944582,7.560447521603109,10.155543249080488,28.711497866954474,28.55912949194596,0.15236837500851408,0.5306876559160036,14.172599081840977,10.902478778010154,0.5,9
74.15945455573672,66.50127966861034,7.658174887126378,10.326633243197133,28.82768435476033,28.700494841649462,0.12718951311086713,0.4412061390212366,14.114462032661807,10.852593013812443,0.5,10
74.25912824453911,66.66433626566935,7.594791978869765,10.227418713911812,28.798542913191014,28.512530796608296,0.2860121165827181,0.993147873643676,14.073084461673984,10.799869740678826,0.5,11
74.13420317920426,66.44472266348404,7.68948051572022,10.37237899102048,28.682720217058055,28.620131107464047,0.06258910959400765,0.21821190291702158,14.159938594269585,10.901924152313448,0.5,12
74.61066359706986,66.91298285873344,7.697680738336416,10.317132119219915,28.85064091866992,28.654133283393495,0.19650763527642567,0.6811205194033004,14.077319232740415,10.799754706977415,0.5,13
74.8070621004559,66.9695264179382,7.8375356825176965,10.476999714268866,29.122332957001145,28.863492062165285,0.2588408948358598,0.888805492396629,14.26051213115947,11.028129927359108,0.5,14
74.40599368137795,66.30064300195684,8.105350679421107,10.893410971876696,28.655348803210394,28.40715714064941,0.24819166256098413,0.8661268242289832,14.215744193173048,10.995556450067111,0.5,15
75.39640428542918,67.72189010067834,7.674514184750848,10.178886191571333,29.314897065073023,28.998257094094594,0.31663997097842866,1.080133320187184,14.386151471870878,11.178185437208889,0.5,16
74.56892182063957,66.72845468712568,7.840467133513897,10.514389831694967,28.909705387138914,28.457539648213732,0.4521657389251814,1.5640620783577297,14.27146025326462,11.053610033636302,0.5,17
74.8098861353161,66.89111173405246,7.918774401263647,10.585197773112727,29.03693885337714,28.442703372014794,0.5942354813623467,2.0464811541015253,14.313243699779308,11.097279387733591,0.5,18
74.82987914096022,66.92321722002598,7.906661920934241,10.566182936150579,28.91695278975832,28.6834384220681,0.23351436769021916,0.8075344915765961,14.34178430294186,11.117793205579222,0.5,19
75.9948994724508,67.74199063271564,8.252908839735156,10.85981940502066,30.115327998127214,29.04417059885694,1.0711573992702732,3.556851180026614,14.31249157069334,11.04086422157271,0.75,0
75.9689781725945,67.2675639916702,8.701414180924303,11.453904462365537,29.934761186447293,28.936142422906922,0.9986187635403709,3.3359837324925348,14.585332160000467,11.371262771217271,0.75,1
76.54706808467681,67.69535672056732,8.85171136410949,11.563749710593326,29.908417495327072,29.002154268774863,0.906263226552209,3.030127644479367,14.510341678238202,11.27248367918567,0.75,2
75.98000310650903,67.65107796486019,8.328925141648838,10.961996316285118,29.581205829971513,28.83720674953844,0.7439990804330741,2.5151073445398846,14.30750818864757,11.043297603728476,0.75,3
76.1608883342911,67.58214741620101,8.57874091809009,11.263971712666528,29.747088899759866,28.825949003114285,0.921139896645581,3.096571566211365,14.304011991871489,11.038196682386998,0.75,4
76.06507996218315,67.41910014132397,8.645979820859182,11.366555882354499,29.81193235494254,28.89670344089861,0.9152289140439329,3.070008690302816,14.354317051879248,11.066659310863509,0.75,5
76.60430316101277,67.87833407112828,8.725969089884487,11.390964645345809,30.029332354029886,29.22892760029004,0.8004047537398478,2.6654097543811517,14.404587538494612,11.142330670225308,0.75,6
76.42493292250305,67.59614584355337,8.828787078949674,11.552233991362874,30.18256252101606,29.105950475636863,1.0766120453791963,3.5670001333702315,14.502526037554729,11.269221510167094,0.75,7
76.01491426002961,67.53744643573484,8.477467824294777,11.152374381815786,29.803445367531495,28.77038993328484,1.0330554342466556,3.466228221291784,14.21467166471088,10.907748219516963,0.75,8
75.92192790695795,67.47073493987254,8.451192967085404,11.131425663271237,29.866096987874734,28.823202192533405,1.0428947953413292,3.491901857027825,14.295826357571338,11.00280841800704,0.75,9
75.716452679049,67.20041212172391,8.516040557325084,11.24727883571532,29.80224830486387,29.12025463265457,0.6819936722092983,2.2883967183710556,14.252925105426131,10.972675310311104,0.75,10
75.7534926798885,67.344635084657,8.408857595231495,11.100290293894172,29.799180270861907,28.69880057223601,1.100379698625897,3.6926509005412638,14.209183374426146,10.910040435828746,0.75,11
75.71217490150416,67.18266199167692,8.529512909827233,11.265708482055214,29.64865287831843,28.84168287326886,0.8069700050495712,2.721776292371432,14.297951351634362,11.016573289870458,0.75,12
76.0891072152313,67.60642986079783,8.482677354433463,11.148346543794675,29.811510196563773,28.8175827615612,0.993927435002572,3.3340391964347287,14.193724038848197,10.8896386968299,0.75,13
76.40461963824887,67.6349417469547,8.76967789129418,11.47794195274548,30.238929132573904,29.087748528889243,1.1511806036846615,3.806948978376981,14.40624617126678,11.148535887450025,0.75,14
75.93104842050951,66.94933379709188,8.98171462341763,11.828777305531851,29.656147494628133,28.742009364319514,0.9141381303086185,3.082457458353969,14.349331358087433,11.100720438446487,0.75,15
76.93484766821086,68.30828791011669,8.626559758094174,11.212811904557302,30.301096382584916,29.323353729860077,0.9777426527248387,3.226756683585816,14.516141964142564,11.278422408587849,0.75,16
76.15115986353325,67.34868035534973,8.802479508183524,11.559219221293562,29.898490594959853,28.72239756584289,1.176093029116963,3.9336200781828867,14.415455028182231,11.167431474248676,0.75,17
76.34471479391713,67.5666816936683,8.778033100248834,11.497892321615216,30.112080768211825,28.66585881494001,1.4462219532718166,4.802796473628412,14.454040458794482,11.217012951440712,0.75,18
76.3899891771801,67.51782740782012,8.872161769359977,11.614299026514784,29.978612424276378,29.05851779917362,0.920094625102756,3.0691701539784164,14.4828770672711,11.234049633016697,0.75,19
77.9570461835413,68.31452180814338,9.642524375397912,12.369022233982093,31.296824821841057,29.38125520360253,1.915569618238525,6.120651628856963,14.491270036575264,11.185953404960935,1.0,0
77.9929551487086,68.00715822184522,9.985796926863387,12.803460143064896,31.32279882859494,29.16814032905144,2.154658499543501,6.878882411927023,14.773579806412457,11.52746256246923,1.0,1
78.49198937625964,68.4033800193531,10.088609356906545,12.853043268588507,31.13027334635699,29.28881481799054,1.8414585283664486,5.915330417687915,14.705554357368515,11.451288872059697,1.0,2
77.93354352582196,68.26128613405811,9.67225739176385,12.410904155229527,30.974416237997286,29.17494570903031,1.7994705289669746,5.809538152843403,14.477842830531774,11.187664543525226,1.0,3
78.01531701356429,68.38598288036394,9.629334133200345,12.342876375835429,31.030879408457032,29.092690227866004,1.9381891805910278,6.246001458994428,14.472826495372013,11.177390281149046,1.0,4
77.98877367459461,68.0739312910162,9.914842383578417,12.713166160231914,31.09874279205328,29.184561119833397,1.9141816722198826,6.155173812071326,14.532216290632645,11.211917635570758,1.0,5
78.43116198045082,68.49670533733521,9.93445664311561,12.666466226258127,31.445617910591487,29.43696993574152,2.0086479748499677,6.38768804149788,14.572172333247153,11.280418273931753,1.0,6
78.46340083748865,68.33596818224393,10.127432655244718,12.907205840109318,31.60731690954901,29.591942794398125,2.015374115150884,6.376289771505443,14.70126762565473,11.449504823906022,1.0,7
77.88582893182516,68.09003376739804,9.795795164427119,12.57712127966379,31.03635476933079,28.988952454411727,2.0474023149190614,6.596787316473918,14.37408583701704,11.030051965157316,1.0,8
77.77197809802796,68.24166524073082,9.530312857297133,12.25417314869453,31.060822383012688,29.00447726584506,2.056345117167627,6.620382074275831,14.470196985679596,11.140167216618876,1.0,9
77.73433901881947,67.92152879811412,9.812810220705344,12.62352049887459,31.400684420660152,29.496133646402598,1.9045507742575545,6.065316120958341,14.431436524215831,11.12525685723488,1.0,10
77.66451310020256,67.96529624346077,9.699216856741785,12.488608335479913,31.041302334304046,29.03078741380455,2.010514920499496,6.47690260816685,14.382597246876383,11.052202369979518,1.0,11
77.72669519056409,67.94666688332171,9.780028307242375,12.582586051374609,31.069343316894344,29.046257236295144,2.0230860805991995,6.511518637405899,14.482596878911064,11.169331017810421,1.0,12
77.95778965891316,68.42229650150104,9.53549315741212,12.231610463986389,31.236534973766712,29.03525682776721,2.2012781459995026,7.0471265389973485,14.351511518810433,11.025123945500715,1.0,13
78.49554937837644,68.34923912631811,10.146310252058328,12.92596883824522,31.572681875669012,29.25040687300077,2.322275002668242,7.355330192769801,14.59197010755527,11.300844975073524,1.0,14
77.88592318674156,67.69506885725414,10.190854329487422,13.08433400096386,30.988061856833475,28.994895696904017,1.9931661599294586,6.432045247418164,14.525180238472785,11.242556134814928,1.0,15
78.87340505211192,69.00384937641749,9.869555675694428,12.513160385523586,31.68330735885642,29.617723336465925,2.065584022390496,6.519470959881037,14.683414544187238,11.414732558628549,1.0,16
78.109484430569,67.93318658370568,10.17629784686332,13.028248644899154,31.04113818127611,29.092878089994446,1.9482600912816643,6.276380975156533,14.59137055513872,11.316887139702818,1.0,17
78.30367050284289,68.08295918580019,10.2207113170427,13.052659283285612,31.37636866851886,29.027058018357312,2.3493106501615486,7.487516082505443,14.627129655214008,11.358122285242333,1.0,18
78.38201008512313,68.30073196227426,10.081278122848872,12.8617244083184,31.53513391395818,29.470979236113955,2.0641546778442255,6.545571309372441,14.662289518429697,11.386134053133524,1.0,19
